"","data","model","seed","epochs","trials","accuracy","precision","recall","f1","auc","prc","LR00","LR01","LR10","LR11","time","batch_size","alpha","gamma","batch_size.1","alpha.1","gamma.1","nf","fc_dropout","conv_dropout","ks","filename","kss","conv_layers","hidden_size","rnn_layers","cell_dropout","rnn_dropout","n_heads","d_ff","encoder_layers","encoder_dropout","sig_name","brier","K","int_factor","train_time","hype_time","inf_time","lr_max","ESPatience","dilation","stoc","X0","prop"
"1","data_2real1bigdet","InceptionTime",0,10,100,1,1,1,1,1,1,18795,0,0,1205,873.007635504007,64,0.255413802598832,4.57285834784714,64,0.255413802598832,4.57285834784714,32,0.276323937460255,0.111950484351427,"40","data_2real1bigdet_InceptionTime_rand3_epochs10_trials100_hypeTruerandsamp",NA,NA,NA,NA,NA,NA,NA,NA,NA,NA,NA,NA,NA,NA,NA,NA,NA,NA,NA,NA,0,NA,0.06025
"886","data_2real1bigdet","LR",0,10,100,0.9398,0.503030303030303,0.0688796680497925,0.121167883211679,0.532258402793186,0.0907485602917138,18713,82,1122,83,4.33360730786808,NA,NA,NA,NA,NA,NA,NA,NA,NA,NA,"real1bigdet_LR_rand3_epochs10_trials100_hypeTrue",NA,NA,NA,NA,NA,NA,NA,NA,NA,NA,NA,NA,NA,NA,NA,NA,NA,NA,NA,NA,0,NA,0.06025
"115","data_2real1bigdet","LSTMAttention",0,10,100,0.99985,0.997516556291391,1,0.998756734355574,0.999920191540303,0.997516556291391,18792,3,0,1205,361.295557772741,64,0.255413802598832,4.57285834784714,64,0.255413802598832,4.57285834784714,NA,0.213410032708528,NA,NA,"drop_data_2real1bigdet_LSTMAttention_rand3_epochs10_trials100_hypeTruerandsamp",NA,NA,32,1,NA,0.276181487068296,8,128,3,0.377255167325199,NA,NA,NA,NA,NA,NA,NA,NA,NA,NA,0,NA,0.06025
"2","data_2real1bigdet","MLSTMFCN",0,10,100,1,1,1,1,1,1,18795,0,0,1205,284.294099060819,64,0.255413802598832,4.57285834784714,64,0.255413802598832,4.57285834784714,NA,0.479654412792728,NA,NA,"data_2real1bigdet_MLSTMFCN_rand3_epochs10_trials100_hypeTruerandsamp","[3, 5, 9]","[32, 128, 256]",100,2,0.266006609449298,0.430979654584938,NA,NA,NA,NA,NA,NA,NA,NA,NA,NA,NA,NA,NA,NA,0,NA,0.06025
"5","data_2real1bigdet","ResNet",0,10,100,1,1,1,1,1,1,18795,0,0,1205,332.576215971261,64,0.255413802598832,4.57285834784714,64,0.255413802598832,4.57285834784714,32,0.276323937460255,NA,"[3, 5, 9]","data_2real1bigdet_ResNet_rand3_epochs10_trials100_hypeTruerandsamp",NA,NA,NA,NA,NA,NA,NA,NA,NA,NA,NA,NA,NA,NA,NA,NA,NA,NA,NA,NA,0,NA,0.06025
"1087","data_2real1bigdet","LR",0,10,50,0.9397,0.49438202247191,0.0365145228215768,0.0680061823802164,0.517060134515337,0.0761021236421278,18750,45,1161,44,6.82193270884454,NA,NA,NA,NA,NA,NA,NA,NA,NA,NA,"data_2real1bigdet_stoc10_LR_rand3_epochs10_trials50_hypeTrue",NA,NA,NA,NA,NA,NA,NA,NA,NA,NA,NA,NA,NA,NA,NA,NA,NA,NA,NA,NA,10,NA,0.06025
"1085","data_2real1bigdet","InceptionTime",0,10,100,0.99985,1,0.997510373443983,0.998753635230577,0.998755186721992,0.997660373443983,18795,0,3,1202,1114.87800227106,32,0.497033615845005,4.69998545031248,32,0.497033615845005,4.69998545031248,128,0.310784901966518,0.236590652329338,"20","data_2real1bigdet_stoc10_InceptionTime_rand3_epochs10_trials100_hypeTruerandsamp",NA,NA,NA,NA,NA,NA,NA,NA,NA,NA,NA,NA,NA,NA,NA,NA,NA,NA,NA,NA,10,NA,0.06025
"1208","data_2real1bigdet","LSTMAttention",0,10,100,1,1,1,1,1,1,18795,0,0,1205,909.769666519016,32,0.478080055067491,3.08729925488785,32,0.478080055067491,3.08729925488785,NA,0.18836615084856,NA,NA,"drop_data_2real1bigdet_stoc10_LSTMAttention_rand3_epochs10_trials100_hypeTruerandsamp",NA,NA,64,2,NA,0.135692689705807,32,64,4,0.244316986817386,NA,NA,NA,NA,NA,NA,NA,NA,NA,NA,10,NA,0.06025
"1088","data_2real1bigdet","MLSTMFCN",0,10,100,0.99995,0.999170812603648,1,0.999585234342596,0.999973397180101,0.999170812603648,18794,1,0,1205,476.861778555438,32,0.401814271557677,1.15643706432377,32,0.401814271557677,1.15643706432377,NA,0.213781997572556,NA,NA,"data_2real1bigdet_stoc10_MLSTMFCN_rand3_epochs10_trials100_hypeTruerandsamp","[3, 5, 9]","[96, 128, 64]",120,3,0.393757653050691,0.419622984969367,NA,NA,NA,NA,NA,NA,NA,NA,NA,NA,NA,NA,NA,NA,10,NA,0.06025
"1092","data_2real1bigdet","ResNet",0,10,100,0.12335,0.0643078236738179,1,0.120844406558692,0.533572758712423,0.0643078236738179,1262,17533,0,1205,286.743884624913,96,0.173584410180314,4.9465719218252,96,0.173584410180314,4.9465719218252,64,0.21082885151585,NA,"[1, 7, 9]","data_2real1bigdet_stoc10_ResNet_rand3_epochs10_trials100_hypeTruerandsamp",NA,NA,NA,NA,NA,NA,NA,NA,NA,NA,NA,NA,NA,NA,NA,NA,NA,NA,NA,NA,10,NA,0.06025
"8","data_2real1newerbigdet","InceptionTime",0,10,100,1,1,1,1,1,1,19853,0,0,147,1088.25454678573,64,0.255413802598832,4.57285834784714,64,0.255413802598832,4.57285834784714,32,0.276323937460255,0.111950484351427,"40","data_2real1newerbigdet_InceptionTime_rand3_epochs10_trials100_hypeTruerandsamp",NA,NA,NA,NA,NA,NA,NA,NA,NA,NA,NA,NA,NA,NA,NA,NA,NA,NA,NA,NA,0,NA,0.00735
"907","data_2real1newerbigdet","LR",0,10,100,0.99265,0.5,0.00680272108843537,0.0134228187919463,0.503376175433655,0.0107013605442177,19852,1,146,1,7.19304921687581,NA,NA,NA,NA,NA,NA,NA,NA,NA,NA,"real1newerbigdet_LR_rand3_epochs10_trials100_hypeTrue",NA,NA,NA,NA,NA,NA,NA,NA,NA,NA,NA,NA,NA,NA,NA,NA,NA,NA,NA,NA,0,NA,0.00735
"213","data_2real1newerbigdet","LSTMAttention",0,10,100,1,1,1,1,1,1,19853,0,0,147,605.525561477989,32,0.227713285669697,1.33634506463057,32,0.227713285669697,1.33634506463057,NA,0.243846039642096,NA,NA,"drop_data_2real1newerbigdet_LSTMAttention_rand3_epochs10_trials100_hypeTruerandsamp",NA,NA,128,3,NA,0.279070964885303,32,64,2,0.348099402664332,NA,NA,NA,NA,NA,NA,NA,NA,NA,NA,0,NA,0.00735
"214","data_2real1newerbigdet","MLSTMFCN",0,10,100,1,1,1,1,1,1,19853,0,0,147,442.081311928108,32,0.411957631337684,3.73324872668538,32,0.411957631337684,3.73324872668538,NA,NA,NA,NA,"drop_data_2real1newerbigdet_MLSTMFCN_rand3_epochs10_trials100_hypeTruerandsamp","[3, 3, 5]","[32, 32, 256]",60,1,NA,NA,NA,NA,NA,NA,NA,NA,NA,NA,NA,NA,NA,NA,NA,NA,0,NA,0.00735
"12","data_2real1newerbigdet","ResNet",0,10,100,1,1,1,1,1,1,19853,0,0,147,318.993461867794,64,0.255413802598832,4.57285834784714,64,0.255413802598832,4.57285834784714,32,0.276323937460255,NA,"[3, 5, 9]","data_2real1newerbigdet_ResNet_rand3_epochs10_trials100_hypeTruerandsamp",NA,NA,NA,NA,NA,NA,NA,NA,NA,NA,NA,NA,NA,NA,NA,NA,NA,NA,NA,NA,0,NA,0.00735
"1439","data_2real1newerbigdet","LR",0,10,30,0.99265,0.5,0.00680272108843537,0.0134228187919463,0.503376175433655,0.0107013605442177,19852,1,146,1,9.81422564899549,NA,NA,NA,NA,NA,NA,NA,NA,NA,NA,"real1newerbigdet_stoc10_LR_rand3_epochs10_trials30_hypeTrue",NA,NA,NA,NA,NA,NA,NA,NA,NA,NA,NA,NA,NA,NA,NA,NA,NA,NA,NA,NA,10,NA,0.00735
"1095","data_2real1newerbigdet","InceptionTime",0,10,100,0.9989,1,0.850340136054422,0.919117647058824,0.925170068027211,0.851440136054422,19853,0,22,125,1204.7442429401,96,0.308117683005929,1.23298570947341,96,0.308117683005929,1.23298570947341,128,0.162978225532669,0.311266051920028,"20","data_2real1newerbigdet_stoc10_InceptionTime_rand3_epochs10_trials100_hypeTruerandsamp",NA,NA,NA,NA,NA,NA,NA,NA,NA,NA,NA,NA,NA,NA,NA,NA,NA,NA,NA,NA,10,NA,0.00735
"1210","data_2real1newerbigdet","LSTMAttention",0,10,100,0.99655,0.680555555555556,1,0.809917355371901,0.998262227371178,0.680555555555556,19784,69,0,147,780.057049656287,32,0.14480232982747,1.98997375690149,32,0.14480232982747,1.98997375690149,NA,0.306961447703765,NA,NA,"drop_data_2real1newerbigdet_stoc10_LSTMAttention_rand3_epochs10_trials100_hypeTruerandsamp",NA,NA,64,3,NA,0.261947169428887,32,256,3,0.213827442589356,NA,NA,NA,NA,NA,NA,NA,NA,NA,NA,10,NA,0.00735
"1097","data_2real1newerbigdet","MLSTMFCN",0,10,100,1,1,1,1,1,1,19853,0,0,147,391.460889788345,32,0.401814271557677,1.15643706432377,32,0.401814271557677,1.15643706432377,NA,0.213781997572556,NA,NA,"data_2real1newerbigdet_stoc10_MLSTMFCN_rand3_epochs10_trials100_hypeTruerandsamp","[3, 5, 9]","[96, 128, 64]",120,3,0.393757653050691,0.419622984969367,NA,NA,NA,NA,NA,NA,NA,NA,NA,NA,NA,NA,NA,NA,10,NA,0.00735
"1100","data_2real1newerbigdet","ResNet",0,10,100,1,1,1,1,1,1,19853,0,0,147,663.180157642812,32,0.437407365956055,1.18104460465841,32,0.437407365956055,1.18104460465841,64,0.207265280947184,NA,"[9, 9, 9]","data_2real1newerbigdet_stoc10_ResNet_rand3_epochs10_trials100_hypeTruerandsamp",NA,NA,NA,NA,NA,NA,NA,NA,NA,NA,NA,NA,NA,NA,NA,NA,NA,NA,NA,NA,10,NA,0.00735
"15","data_2real2bigdet","InceptionTime",0,10,100,0.9996,0.944444444444444,0.991666666666667,0.967479674796748,0.995657276995305,0.936624074074074,19873,7,1,119,392.534831026569,96,0.331471725020774,1.27294250487676,96,0.331471725020774,1.27294250487676,32,0.130103602065298,0.228415167874904,"20","data_2real2bigdet_InceptionTime_rand3_epochs10_trials100_hypeTruerandsamp",NA,NA,NA,NA,NA,NA,NA,NA,NA,NA,NA,NA,NA,NA,NA,NA,NA,NA,NA,NA,0,NA,0.006
"922","data_2real2bigdet","LR",0,10,100,0.994,0,0,0,0.5,0.006,19880,0,120,0,8.90693082194775,NA,NA,NA,NA,NA,NA,NA,NA,NA,NA,"real2bigdet_LR_rand3_epochs10_trials100_hypeTrue",NA,NA,NA,NA,NA,NA,NA,NA,NA,NA,NA,NA,NA,NA,NA,NA,NA,NA,NA,NA,0,NA,0.006
"264","data_2real2bigdet","LSTMAttention",0,10,100,0.99815,0.767741935483871,0.991666666666667,0.865454545454545,0.99492790073776,0.761394086021505,19844,36,1,119,197.355345577002,96,0.472803659418522,1.56173486528382,96,0.472803659418522,1.56173486528382,NA,0.347730909231793,NA,NA,"drop_data_2real2bigdet_LSTMAttention_rand3_epochs10_trials100_hypeTruerandsamp",NA,NA,32,2,NA,0.231226297520845,32,64,2,0.18124306269647,NA,NA,NA,NA,NA,NA,NA,NA,NA,NA,0,NA,0.006
"17","data_2real2bigdet","MLSTMFCN",0,10,100,0.99925,0.948717948717949,0.925,0.936708860759494,0.962349094567404,0.878014102564103,19874,6,9,111,454.756488457322,32,0.401814271557677,1.15643706432377,32,0.401814271557677,1.15643706432377,NA,0.213781997572556,NA,NA,"data_2real2bigdet_MLSTMFCN_rand3_epochs10_trials100_hypeTruerandsamp","[3, 5, 9]","[96, 128, 64]",120,3,0.393757653050691,0.419622984969367,NA,NA,NA,NA,NA,NA,NA,NA,NA,NA,NA,NA,NA,NA,0,NA,0.006
"20","data_2real2bigdet","ResNet",0,10,100,0.99985,0.983471074380165,0.991666666666667,0.987551867219917,0.995783031522468,0.975325482093664,19878,2,1,119,684.89574116841,32,0.446429261263572,2.5136762889945,32,0.446429261263572,2.5136762889945,32,0.160611479846236,NA,"[3, 7, 9]","data_2real2bigdet_ResNet_rand3_epochs10_trials100_hypeTruerandsamp",NA,NA,NA,NA,NA,NA,NA,NA,NA,NA,NA,NA,NA,NA,NA,NA,NA,NA,NA,NA,0,NA,0.006
"1448","data_2real2bigdet","LR",0,10,30,0.994,0,0,0,0.5,0.006,19880,0,120,0,10.1111031556502,NA,NA,NA,NA,NA,NA,NA,NA,NA,NA,"real2bigdet_stoc10_LR_rand3_epochs10_trials30_hypeTrue",NA,NA,NA,NA,NA,NA,NA,NA,NA,NA,NA,NA,NA,NA,NA,NA,NA,NA,NA,NA,10,NA,0.006
"1103","data_2real2bigdet","InceptionTime",0,10,100,0.9978,0.822033898305085,0.808333333333333,0.815126050420168,0.903638497652582,0.665627401129944,19859,21,23,97,1318.91553109884,32,0.36283481196641,4.14189744669021,32,0.36283481196641,4.14189744669021,32,0.295549297846445,0.47117453902485,"20","data_2real2bigdet_stoc10_InceptionTime_rand3_epochs10_trials100_hypeTruerandsamp",NA,NA,NA,NA,NA,NA,NA,NA,NA,NA,NA,NA,NA,NA,NA,NA,NA,NA,NA,NA,10,NA,0.006
"1212","data_2real2bigdet","LSTMAttention",0,10,100,0.9976,0.714285714285714,1,0.833333333333333,0.998792756539235,0.714285714285714,19832,48,0,120,302.205513041466,96,0.122358444279525,1.20301164265681,96,0.122358444279525,1.20301164265681,NA,0.143909933093859,NA,NA,"drop_data_2real2bigdet_stoc10_LSTMAttention_rand3_epochs10_trials100_hypeTruerandsamp",NA,NA,32,1,NA,0.428713356238031,8,64,4,0.389495333957283,NA,NA,NA,NA,NA,NA,NA,NA,NA,NA,10,NA,0.006
"1105","data_2real2bigdet","MLSTMFCN",0,10,100,0.9984,0.823529411764706,0.933333333333333,0.875,0.966063044936284,0.769027450980392,19856,24,8,112,225.811617257074,64,0.442590070839046,3.56015224009048,64,0.442590070839046,3.56015224009048,NA,0.291151196653368,NA,NA,"data_2real2bigdet_stoc10_MLSTMFCN_rand3_epochs10_trials100_hypeTruerandsamp","[1, 7, 9]","[32, 32, 96]",80,3,0.471923952991218,0.448543890622347,NA,NA,NA,NA,NA,NA,NA,NA,NA,NA,NA,NA,NA,NA,10,NA,0.006
"1108","data_2real2bigdet","ResNet",0,10,100,0.9975,0.705882352941177,1,0.827586206896552,0.99874245472837,0.705882352941177,19830,50,0,120,447.93667990528,32,0.299024401565586,4.59445824645098,32,0.299024401565586,4.59445824645098,32,0.3781426074806,NA,"[3, 7, 7]","data_2real2bigdet_stoc10_ResNet_rand3_epochs10_trials100_hypeTruerandsamp",NA,NA,NA,NA,NA,NA,NA,NA,NA,NA,NA,NA,NA,NA,NA,NA,NA,NA,NA,NA,10,NA,0.006
"34","data_2real3newerbigdet","InceptionTime",0,10,100,1,1,1,1,1,1,19013,0,0,987,1042.70691619813,96,0.292825481143001,1.56919412987426,96,0.292825481143001,1.56919412987426,32,0.443557214931634,0.143319513665414,"60","data_2real3newerbigdet_InceptionTime_rand3_epochs10_trials100_hypeTruerandsamp",NA,NA,NA,NA,NA,NA,NA,NA,NA,NA,NA,NA,NA,NA,NA,NA,NA,NA,NA,NA,0,NA,0.04935
"954","data_2real3newerbigdet","LR",0,10,100,0.9746,0.824086603518268,0.617021276595745,0.705677867902665,0.805091924786065,0.527378968128293,18883,130,378,609,11.8414176958613,NA,NA,NA,NA,NA,NA,NA,NA,NA,NA,"real3newerbigdet_LR_rand3_epochs10_trials100_hypeTrue",NA,NA,NA,NA,NA,NA,NA,NA,NA,NA,NA,NA,NA,NA,NA,NA,NA,NA,NA,NA,0,NA,0.04935
"268","data_2real3newerbigdet","LSTMAttention",0,10,100,1,1,1,1,1,1,19013,0,0,987,604.651298994198,32,0.227311037760973,1.8295872749739,32,0.227311037760973,1.8295872749739,NA,0.124611572331976,NA,NA,"drop_data_2real3newerbigdet_LSTMAttention_rand3_epochs10_trials100_hypeTruerandsamp_drop2",NA,NA,64,1,NA,0.488641042469427,16,256,2,0.197070168873735,NA,NA,NA,NA,NA,NA,NA,NA,NA,NA,0,NA,0.04935
"36","data_2real3newerbigdet","MLSTMFCN",0,10,100,0.9995,0.989969909729188,1,0.994959677419355,0.999737022037553,0.989969909729188,19003,10,0,987,469.07220078446,32,0.259985143301032,2.39754935482948,32,0.259985143301032,2.39754935482948,NA,0.120598847499302,NA,NA,"data_2real3newerbigdet_MLSTMFCN_rand3_epochs10_trials100_hypeTruerandsamp","[7, 7, 9]","[96, 128, 256]",120,2,0.353809945192665,0.230328326118017,NA,NA,NA,NA,NA,NA,NA,NA,NA,NA,NA,NA,NA,NA,0,NA,0.04935
"39","data_2real3newerbigdet","ResNet",0,10,100,0.9998,1,0.995947315096251,0.997969543147208,0.997973657548126,0.996147315096251,19013,0,4,983,721.456870248541,32,0.446429261263572,2.5136762889945,32,0.446429261263572,2.5136762889945,32,0.160611479846236,NA,"[3, 7, 9]","data_2real3newerbigdet_ResNet_rand3_epochs10_trials100_hypeTruerandsamp",NA,NA,NA,NA,NA,NA,NA,NA,NA,NA,NA,NA,NA,NA,NA,NA,NA,NA,NA,NA,0,NA,0.04935
"1466","data_2real3newerbigdet","LR",0,10,30,0.9686,0.871635610766046,0.426545086119554,0.572789115646259,0.711642079692607,0.400091886659073,18951,62,566,421,5.5097633600235,NA,NA,NA,NA,NA,NA,NA,NA,NA,NA,"real3newerbigdet_stoc10_LR_rand3_epochs10_trials30_hypeTrue",NA,NA,NA,NA,NA,NA,NA,NA,NA,NA,NA,NA,NA,NA,NA,NA,NA,NA,NA,NA,10,NA,0.04935
"1121","data_2real3newerbigdet","InceptionTime",0,10,100,0.99955,0.991951710261569,0.998986828774063,0.995456839979808,0.999283032017074,0.990996693331213,19005,8,1,986,1361.40727976523,96,0.292825481143001,1.56919412987426,96,0.292825481143001,1.56919412987426,32,0.443557214931634,0.143319513665414,"60","data_2real3newerbigdet_stoc10_InceptionTime_rand3_epochs10_trials100_hypeTruerandsamp",NA,NA,NA,NA,NA,NA,NA,NA,NA,NA,NA,NA,NA,NA,NA,NA,NA,NA,NA,NA,10,NA,0.04935
"1215","data_2real3newerbigdet","LSTMAttention",0,10,100,0.9952,0.911357340720222,1,0.953623188405797,0.997475411560511,0.911357340720222,18917,96,0,987,942.201344611123,32,0.282493355983809,2.89331839439476,32,0.282493355983809,2.89331839439476,NA,0.428542462303636,NA,NA,"drop_data_2real3newerbigdet_stoc10_LSTMAttention_rand3_epochs10_trials100_hypeTruerandsamp_drop2",NA,NA,32,1,NA,0.473315273314816,32,128,4,0.191815728965256,NA,NA,NA,NA,NA,NA,NA,NA,NA,NA,10,NA,0.04935
"1123","data_2real3newerbigdet","MLSTMFCN",0,10,100,0.98045,0.716255442670537,1,0.834672304439746,0.989717561668332,0.716255442670537,18622,391,0,987,432.190855948254,32,0.327353527611517,2.79177758879735,32,0.327353527611517,2.79177758879735,NA,0.183545515584035,NA,NA,"data_2real3newerbigdet_stoc10_MLSTMFCN_rand3_epochs10_trials100_hypeTruerandsamp","[3, 9, 9]","[32, 32, 64]",80,3,0.396943540200764,0.242060169650558,NA,NA,NA,NA,NA,NA,NA,NA,NA,NA,NA,NA,NA,NA,10,NA,0.04935
"1126","data_2real3newerbigdet","ResNet",0,10,100,0.9243,0.394557823129252,0.998986828774063,0.565691336775674,0.959704848668839,0.394208068495889,17500,1513,1,986,350.090589743108,64,0.25696277326419,3.99911181453223,64,0.25696277326419,3.99911181453223,128,0.172403103713377,NA,"[1, 3, 7]","data_2real3newerbigdet_stoc10_ResNet_rand3_epochs10_trials100_hypeTruerandsamp",NA,NA,NA,NA,NA,NA,NA,NA,NA,NA,NA,NA,NA,NA,NA,NA,NA,NA,NA,NA,10,NA,0.04935
"42","data_2real3newestbigdet","InceptionTime",0,10,100,0.9982,0.875471698113208,0.987234042553191,0.928,0.992782212270777,0.864445463669209,19732,33,3,232,1176.71435628831,32,0.399359135298155,1.6208263098988,32,0.399359135298155,1.6208263098988,96,0.112124544208987,0.284619260659122,"60","data_2real3newestbigdet_InceptionTime_rand3_epochs10_trials100_hypeTruerandsamp",NA,NA,NA,NA,NA,NA,NA,NA,NA,NA,NA,NA,NA,NA,NA,NA,NA,NA,NA,NA,0,NA,0.01175
"965","data_2real3newestbigdet","LR",0,10,100,0.99225,0.789855072463768,0.463829787234043,0.584450402144772,0.731181273581605,0.372658310206599,19736,29,126,109,19.6190160398837,NA,NA,NA,NA,NA,NA,NA,NA,NA,NA,"real3newestbigdet_LR_rand3_epochs10_trials100_hypeTrue",NA,NA,NA,NA,NA,NA,NA,NA,NA,NA,NA,NA,NA,NA,NA,NA,NA,NA,NA,NA,0,NA,0.01175
"270","data_2real3newestbigdet","LSTMAttention",0,10,100,0.9999,0.991561181434599,1,0.995762711864407,0.999949405514799,0.991561181434599,19763,2,0,235,584.070979872718,32,0.227311037760973,1.8295872749739,32,0.227311037760973,1.8295872749739,NA,0.124611572331976,NA,NA,"drop_data_2real3newestbigdet_LSTMAttention_rand3_epochs10_trials100_hypeTruerandsamp_drop2",NA,NA,64,1,NA,0.488641042469427,16,256,2,0.197070168873735,NA,NA,NA,NA,NA,NA,NA,NA,NA,NA,0,NA,0.01175
"44","data_2real3newestbigdet","MLSTMFCN",0,10,100,0.99645,0.771523178807947,0.991489361702128,0.867783985102421,0.993999171111626,0.765057024094688,19696,69,2,233,577.065207522362,32,0.259985143301032,2.39754935482948,32,0.259985143301032,2.39754935482948,NA,0.120598847499302,NA,NA,"data_2real3newestbigdet_MLSTMFCN_rand3_epochs10_trials100_hypeTruerandsamp","[7, 7, 9]","[96, 128, 256]",120,2,0.353809945192665,0.230328326118017,NA,NA,NA,NA,NA,NA,NA,NA,NA,NA,NA,NA,NA,NA,0,NA,0.01175
"47","data_2real3newestbigdet","ResNet",0,10,100,0.99975,0.995689655172414,0.982978723404255,0.989293361884368,0.991464064459527,0.978941746148203,19764,1,4,231,769.845733316615,32,0.437407365956055,1.18104460465841,32,0.437407365956055,1.18104460465841,64,0.207265280947184,NA,"[9, 9, 9]","data_2real3newestbigdet_ResNet_rand3_epochs10_trials100_hypeTruerandsamp",NA,NA,NA,NA,NA,NA,NA,NA,NA,NA,NA,NA,NA,NA,NA,NA,NA,NA,NA,NA,0,NA,0.01175
"1475","data_2real3newestbigdet","LR",0,10,30,0.9907,0.826666666666667,0.263829787234043,0.4,0.631586029463214,0.226749290780142,19752,13,173,62,16.1864244639874,NA,NA,NA,NA,NA,NA,NA,NA,NA,NA,"real3newestbigdet_stoc10_LR_rand3_epochs10_trials30_hypeTrue",NA,NA,NA,NA,NA,NA,NA,NA,NA,NA,NA,NA,NA,NA,NA,NA,NA,NA,NA,NA,10,NA,0.01175
"1130","data_2real3newestbigdet","InceptionTime",0,10,100,0.99835,0.954954954954955,0.902127659574468,0.927789934354486,0.950810857361228,0.862641278512555,19755,10,23,212,1470.69646126404,64,0.344590206877457,2.50066449535422,64,0.344590206877457,2.50066449535422,32,0.278058019705413,0.124611572331976,"40","data_2real3newestbigdet_stoc10_InceptionTime_rand3_epochs10_trials100_hypeTruerandsamp",NA,NA,NA,NA,NA,NA,NA,NA,NA,NA,NA,NA,NA,NA,NA,NA,NA,NA,NA,NA,10,NA,0.01175
"1217","data_2real3newestbigdet","LSTMAttention",0,10,100,0.99685,0.938775510204082,0.782978723404255,0.853828306264501,0.891185794790921,0.73759125054277,19753,12,51,184,653.017105832696,64,0.330173526097599,1.68826017181132,64,0.330173526097599,1.68826017181132,NA,0.386352791496747,NA,NA,"drop_data_2real3newestbigdet_stoc10_LSTMAttention_rand3_epochs10_trials100_hypeTruerandsamp_drop2",NA,NA,64,2,NA,0.465414324867724,32,256,4,0.264953106772888,NA,NA,NA,NA,NA,NA,NA,NA,NA,NA,10,NA,0.01175
"1132","data_2real3newestbigdet","MLSTMFCN",0,10,100,0.9696,0.278766310794781,1,0.435992578849722,0.984619276498862,0.278766310794781,19157,608,0,235,489.859512452036,32,0.224162425263244,2.26366288501073,32,0.224162425263244,2.26366288501073,NA,0.429905252218724,NA,NA,"data_2real3newestbigdet_stoc10_MLSTMFCN_rand3_epochs10_trials100_hypeTruerandsamp","[1, 5, 9]","[32, 128, 64]",80,3,0.39061721432038,0.198494326049282,NA,NA,NA,NA,NA,NA,NA,NA,NA,NA,NA,NA,NA,NA,10,NA,0.01175
"1135","data_2real3newestbigdet","ResNet",0,10,100,0.99795,0.944954128440367,0.876595744680851,0.909492273730684,0.937994305429219,0.829792767909428,19753,12,29,206,769.889649961144,32,0.401489758505525,1.31712749888814,32,0.401489758505525,1.31712749888814,128,0.141338461056688,NA,"[1, 3, 9]","data_2real3newestbigdet_stoc10_ResNet_rand3_epochs10_trials100_hypeTruerandsamp",NA,NA,NA,NA,NA,NA,NA,NA,NA,NA,NA,NA,NA,NA,NA,NA,NA,NA,NA,NA,10,NA,0.01175
"932","data_2real3zaltbigdet","LR",0,10,30,0.998,0.8,0.244897959183673,0.375,0.622373795390544,0.197768367346939,19948,3,37,12,38.0671559111215,NA,NA,NA,NA,NA,NA,NA,NA,NA,NA,"real3altbigdet_LR_rand3_epochs10_trials30_hypeTrue",NA,NA,NA,NA,NA,NA,NA,NA,NA,NA,NA,NA,NA,NA,NA,NA,NA,NA,NA,NA,0,NA,0.00245
"23","data_2real3zaltbigdet","InceptionTime",0,10,100,0.99895,0.75,0.857142857142857,0.8,0.928220568965394,0.643207142857143,19937,14,7,42,560.360225137323,64,0.344590206877457,2.50066449535422,64,0.344590206877457,2.50066449535422,32,0.278058019705413,0.124611572331976,"40","data_2real3altbigdet_InceptionTime_rand3_epochs10_trials100_hypeTruerandsamp",NA,NA,NA,NA,NA,NA,NA,NA,NA,NA,NA,NA,NA,NA,NA,NA,NA,NA,NA,NA,0,NA,0.00245
"266","data_2real3zaltbigdet","LSTMAttention",0,10,100,0.99875,0.722222222222222,0.795918367346939,0.757281553398058,0.897583262667004,0.575329931972789,19936,15,10,39,386.032875625417,96,0.446659925254541,1.52702548176391,96,0.446659925254541,1.52702548176391,NA,0.27092573530837,NA,NA,"drop_data_2real3altbigdet_LSTMAttention_rand3_epochs10_trials100_hypeTruerandsamp_drop2",NA,NA,64,1,NA,0.47332126502855,32,128,4,0.419891711653404,NA,NA,NA,NA,NA,NA,NA,NA,NA,NA,0,NA,0.00245
"25","data_2real3zaltbigdet","MLSTMFCN",0,10,100,0.99845,0.660714285714286,0.755102040816326,0.704761904761905,0.877074853799973,0.499506705539359,19932,19,12,37,493.988236716017,32,0.295244870363062,1.30678809800228,32,0.295244870363062,1.30678809800228,NA,0.111785735916857,NA,NA,"data_2real3altbigdet_MLSTMFCN_rand3_epochs10_trials100_hypeTruerandsamp","[3, 5, 9]","[32, 128, 128]",120,3,0.242573628214212,0.414304578700577,NA,NA,NA,NA,NA,NA,NA,NA,NA,NA,NA,NA,NA,NA,0,NA,0.00245
"31","data_2real3zaltbigdet","ResNet",0,10,100,0.99655,0.413793103448276,0.979591836734694,0.581818181818182,0.988091743138035,0.405398346235046,19883,68,1,48,625.847500151023,32,0.150546483401845,1.68969580520825,32,0.150546483401845,1.68969580520825,32,0.104838995940951,NA,"[1, 1, 9]","data_2real3altbigdet_ResNet_rand3_epochs10_trials100_hypeTruerandsamp",NA,NA,NA,NA,NA,NA,NA,NA,NA,NA,NA,NA,NA,NA,NA,NA,NA,NA,NA,NA,0,NA,0.00245
"1457","data_2real3zaltbigdet","LR",0,10,30,0.9978,1,0.102040816326531,0.185185185185185,0.551020408163265,0.104240816326531,19951,0,44,5,19.6037453031167,NA,NA,NA,NA,NA,NA,NA,NA,NA,NA,"real3altbigdet_stoc10_LR_rand3_epochs10_trials30_hypeTrue",NA,NA,NA,NA,NA,NA,NA,NA,NA,NA,NA,NA,NA,NA,NA,NA,NA,NA,NA,NA,10,NA,0.00245
"1111","data_2real3zaltbigdet","InceptionTime",0,10,100,0.99765,0.522727272727273,0.469387755102041,0.494623655913978,0.734167588141968,0.246661781076067,19930,21,26,23,5577.94289258495,32,0.452632450640107,1.0622004117092,32,0.452632450640107,1.0622004117092,128,0.274670296576065,0.386352791496747,"40","data_2real3altbigdet_stoc10_InceptionTime_rand3_epochs10_trials100_hypeTruerandsamp",NA,NA,NA,NA,NA,NA,NA,NA,NA,NA,NA,NA,NA,NA,NA,NA,NA,NA,NA,NA,10,NA,0.00245
"1235","data_2real3zaltbigdet","LSTMAttention",0,10,100,0.99535,0.32258064516129,0.816326530612245,0.46242774566474,0.906058107669914,0.263781138907176,19867,84,9,40,471.81700508669,64,0.320684497577082,2.66147765955968,64,0.320684497577082,2.66147765955968,NA,0.117868214943085,NA,NA,"drop_finalhype_data_2real3altbigdet_stoc10_LSTMAttention_rand3_epochs10_trials100_hypeTruerandsamp_drop2_finalhype_",NA,NA,64,3,NA,0.48010468183263,16,64,4,0.393205476840145,NA,NA,NA,NA,NA,NA,NA,NA,NA,NA,10,NA,0.00245
"1113","data_2real3zaltbigdet","MLSTMFCN",0,10,100,0.9981,0.703703703703704,0.387755102040816,0.5,0.69367705981696,0.27436470143613,19943,8,30,19,469.559127226472,32,0.430995794733312,1.78550116559192,32,0.430995794733312,1.78550116559192,NA,0.174110000495981,NA,NA,"data_2real3altbigdet_stoc10_MLSTMFCN_rand3_epochs10_trials100_hypeTruerandsamp","[1, 1, 3]","[96, 96, 256]",60,1,0.152551823472893,0.241883097275541,NA,NA,NA,NA,NA,NA,NA,NA,NA,NA,NA,NA,NA,NA,10,NA,0.00245
"1116","data_2real3zaltbigdet","ResNet",0,10,100,0.9983,0.741935483870968,0.469387755102041,0.575,0.734493386347572,0.34955543120474,19943,8,26,23,676.13801314123,32,0.437407365956055,1.18104460465841,32,0.437407365956055,1.18104460465841,64,0.207265280947184,NA,"[9, 9, 9]","data_2real3altbigdet_stoc10_ResNet_rand3_epochs10_trials100_hypeTruerandsamp",NA,NA,NA,NA,NA,NA,NA,NA,NA,NA,NA,NA,NA,NA,NA,NA,NA,NA,NA,NA,10,NA,0.00245
"1383","data_2real3zaltbigdet","ResNet",0,10,100,0.409,0.00412840171876316,1,0.00822285618392348,0.703774246904917,0.00412840171876316,8131,11820,0,49,NA,96,0.030332377,2.761760282,NA,NA,NA,NA,NA,NA,NA,"finalhype_last_run_TPE_test_data_2real3altbigdet_stoc10_ResNet_rand3_epochs10_trials100_hypeFalseTPEsamp_finalhype_lastrun_",NA,NA,NA,NA,NA,NA,NA,NA,NA,NA,NA,NA,NA,NA,266.209879823029,0.187964463606477,7.52734922431409,0.001,NA,NA,10,NA,0.00245
"66","data_2real4aanewerbigdet","InceptionTime",0,10,100,1,1,1,1,1,1,19613,0,0,387,1118.21229504049,32,0.279427043995441,2.04441726316079,32,0.279427043995441,2.04441726316079,96,0.162747095389985,0.317859607212738,"20","data_2real4newerbigdet_InceptionTime_rand3_epochs10_trials100_hypeTruerandsamp",NA,NA,NA,NA,NA,NA,NA,NA,NA,NA,NA,NA,NA,NA,NA,NA,NA,NA,NA,NA,0,NA,0.01935
"1008","data_2real4aanewerbigdet","LR",0,10,100,0.9804,0.407407407407407,0.0284237726098191,0.0531400966183575,0.513803993580696,0.0303800555077041,19597,16,376,11,4.95347989001311,NA,NA,NA,NA,NA,NA,NA,NA,NA,NA,"real4newerbigdet_LR_rand3_epochs10_trials100_hypeTrue",NA,NA,NA,NA,NA,NA,NA,NA,NA,NA,NA,NA,NA,NA,NA,NA,NA,NA,NA,NA,0,NA,0.01935
"274","data_2real4aanewerbigdet","LSTMAttention",0,10,100,1,1,1,1,1,1,19613,0,0,387,335.909164408222,96,0.15318176618809,1.8956119568894,96,0.15318176618809,1.8956119568894,NA,0.216717109690173,NA,NA,"drop_data_2real4newerbigdet_LSTMAttention_rand3_epochs10_trials100_hypeTruerandsamp_drop2",NA,NA,32,2,NA,0.444213565178771,32,128,4,0.283074559729191,NA,NA,NA,NA,NA,NA,NA,NA,NA,NA,0,NA,0.01935
"68","data_2real4aanewerbigdet","MLSTMFCN",0,10,100,1,1,1,1,1,1,19613,0,0,387,503.462046222761,32,0.327353527611517,2.79177758879735,32,0.327353527611517,2.79177758879735,NA,0.183545515584035,NA,NA,"data_2real4newerbigdet_MLSTMFCN_rand3_epochs10_trials100_hypeTruerandsamp","[3, 9, 9]","[32, 32, 64]",80,3,0.396943540200764,0.242060169650558,NA,NA,NA,NA,NA,NA,NA,NA,NA,NA,NA,NA,NA,NA,0,NA,0.01935
"71","data_2real4aanewerbigdet","ResNet",0,10,100,0.9999,0.994858611825193,1,0.997422680412371,0.999949013409473,0.994858611825193,19611,2,0,387,423.936023112386,96,0.245030440603352,4.46540311672914,96,0.245030440603352,4.46540311672914,128,0.435742914560033,NA,"[3, 5, 9]","data_2real4newerbigdet_ResNet_rand3_epochs10_trials100_hypeTruerandsamp",NA,NA,NA,NA,NA,NA,NA,NA,NA,NA,NA,NA,NA,NA,NA,NA,NA,NA,NA,NA,0,NA,0.01935
"1502","data_2real4aanewerbigdet","LR",0,10,30,0.9806,0.470588235294118,0.020671834625323,0.0396039603960396,0.510106477655291,0.0286779221766226,19604,9,379,8,6.15564044518396,NA,NA,NA,NA,NA,NA,NA,NA,NA,NA,"real4newerbigdet_stoc10_LR_rand3_epochs10_trials30_hypeTrue",NA,NA,NA,NA,NA,NA,NA,NA,NA,NA,NA,NA,NA,NA,NA,NA,NA,NA,NA,NA,10,NA,0.01935
"1157","data_2real4aanewerbigdet","InceptionTime",0,10,100,0.9999,1,0.994832041343669,0.99740932642487,0.997416020671835,0.994932041343669,19613,0,2,385,997.229805434123,96,0.0786173415328068,1.12289334668799,96,0.0786173415328068,1.12289334668799,32,0.171105978695246,0.378202516776326,"60","data_2real4newerbigdet_stoc10_InceptionTime_rand3_epochs10_trials100_hypeTruerandsamp",NA,NA,NA,NA,NA,NA,NA,NA,NA,NA,NA,NA,NA,NA,NA,NA,NA,NA,NA,NA,10,NA,0.01935
"1223","data_2real4aanewerbigdet","LSTMAttention",0,10,100,1,1,1,1,1,1,19613,0,0,387,641.679234404117,32,0.439404299210379,1.08173003094137,32,0.439404299210379,1.08173003094137,NA,0.417693679003305,NA,NA,"drop_data_2real4newerbigdet_stoc10_LSTMAttention_rand3_epochs10_trials100_hypeTruerandsamp_drop2",NA,NA,128,2,NA,0.321725437512223,16,128,2,0.159582524752038,NA,NA,NA,NA,NA,NA,NA,NA,NA,NA,10,NA,0.01935
"1159","data_2real4aanewerbigdet","MLSTMFCN",0,10,100,1,1,1,1,1,1,19613,0,0,387,490.612812433392,32,0.344614119264179,3.51196367369792,32,0.344614119264179,3.51196367369792,NA,0.27049602505856,NA,NA,"data_2real4newerbigdet_stoc10_MLSTMFCN_rand3_epochs10_trials100_hypeTruerandsamp","[5, 5, 7]","[256, 96, 32]",60,3,0.428951352347632,0.213149549836752,NA,NA,NA,NA,NA,NA,NA,NA,NA,NA,NA,NA,NA,NA,10,NA,0.01935
"1162","data_2real4aanewerbigdet","ResNet",0,10,100,0.9948,0.790554414784394,0.994832041343669,0.881006864988558,0.994815704554973,0.786568862253209,19511,102,2,385,199.821908652782,96,0.169486333399294,1.26492457647791,96,0.169486333399294,1.26492457647791,32,0.100450298837936,NA,"[1, 5, 9]","data_2real4newerbigdet_stoc10_ResNet_rand3_epochs10_trials100_hypeTruerandsamp",NA,NA,NA,NA,NA,NA,NA,NA,NA,NA,NA,NA,NA,NA,NA,NA,NA,NA,NA,NA,10,NA,0.01935
"50","data_2real4alt2newerbigdet","InceptionTime",0,10,100,1,1,1,1,1,1,18911,0,0,1089,1914.9218521975,64,0.344590206877457,2.50066449535422,64,0.344590206877457,2.50066449535422,32,0.278058019705413,0.124611572331976,"40","data_2real4alt2newerbigdet_InceptionTime_rand3_epochs10_trials100_hypeTruerandsamp",NA,NA,NA,NA,NA,NA,NA,NA,NA,NA,NA,NA,NA,NA,NA,NA,NA,NA,NA,NA,0,NA,0.05445
"981","data_2real4alt2newerbigdet","LR",0,10,100,0.9538,0.642980935875217,0.340679522497704,0.445378151260504,0.664893195757868,0.254950438209096,18705,206,718,371,4.86126424185932,NA,NA,NA,NA,NA,NA,NA,NA,NA,NA,"real4alt2newerbigdet_LR_rand3_epochs10_trials100_hypeTrue",NA,NA,NA,NA,NA,NA,NA,NA,NA,NA,NA,NA,NA,NA,NA,NA,NA,NA,NA,NA,0,NA,0.05445
"272","data_2real4alt2newerbigdet","LSTMAttention",0,10,100,1,1,1,1,1,1,18911,0,0,1089,598.480032103136,32,0.439404299210379,1.08173003094137,32,0.439404299210379,1.08173003094137,NA,0.417693679003305,NA,NA,"drop_data_2real4alt2newerbigdet_LSTMAttention_rand3_epochs10_trials100_hypeTruerandsamp_drop2",NA,NA,128,2,NA,0.321725437512223,16,128,2,0.159582524752038,NA,NA,NA,NA,NA,NA,NA,NA,NA,NA,0,NA,0.05445
"52","data_2real4alt2newerbigdet","MLSTMFCN",0,10,100,1,1,1,1,1,1,18911,0,0,1089,520.392620844766,32,0.401814271557677,1.15643706432377,32,0.401814271557677,1.15643706432377,NA,0.213781997572556,NA,NA,"data_2real4alt2newerbigdet_MLSTMFCN_rand3_epochs10_trials100_hypeTruerandsamp","[3, 5, 9]","[96, 128, 64]",120,3,0.393757653050691,0.419622984969367,NA,NA,NA,NA,NA,NA,NA,NA,NA,NA,NA,NA,NA,NA,0,NA,0.05445
"55","data_2real4alt2newerbigdet","ResNet",0,10,100,0.99995,0.999082568807339,1,0.999541073887104,0.999973560361694,0.999082568807339,18910,1,0,1089,493.217126000673,96,0.19505218274527,2.64128427430962,96,0.19505218274527,2.64128427430962,128,0.1392398118402,NA,"[3, 7, 9]","data_2real4alt2newerbigdet_ResNet_rand3_epochs10_trials100_hypeTruerandsamp",NA,NA,NA,NA,NA,NA,NA,NA,NA,NA,NA,NA,NA,NA,NA,NA,NA,NA,NA,NA,0,NA,0.05445
"1484","data_2real4alt2newerbigdet","LR",0,10,30,0.9546,0.722358722358722,0.269972451790634,0.393048128342246,0.631998546766767,0.234766955347534,18798,113,795,294,4.83173125470057,NA,NA,NA,NA,NA,NA,NA,NA,NA,NA,"real4alt2newerbigdet_stoc10_LR_rand3_epochs10_trials30_hypeTrue",NA,NA,NA,NA,NA,NA,NA,NA,NA,NA,NA,NA,NA,NA,NA,NA,NA,NA,NA,NA,10,NA,0.05445
"1138","data_2real4alt2newerbigdet","InceptionTime",0,10,100,0.95775,1,0.224058769513315,0.36609152288072,0.612029384756657,0.266308769513315,18911,0,845,244,947.574341112748,96,0.457803919647286,3.6304279714686,96,0.457803919647286,3.6304279714686,128,0.342930758295432,0.103229570076846,"20","data_2real4alt2newerbigdet_stoc10_InceptionTime_rand3_epochs10_trials100_hypeTruerandsamp",NA,NA,NA,NA,NA,NA,NA,NA,NA,NA,NA,NA,NA,NA,NA,NA,NA,NA,NA,NA,10,NA,0.05445
"1220","data_2real4alt2newerbigdet","LSTMAttention",0,10,100,0.9976,0.959399823477493,0.998163452708907,0.978397839783978,0.997865502992389,0.957737840330611,18865,46,2,1087,901.88453774713,32,0.227311037760973,1.8295872749739,32,0.227311037760973,1.8295872749739,NA,0.124611572331976,NA,NA,"drop_data_2real4alt2newerbigdet_stoc10_LSTMAttention_rand3_epochs10_trials100_hypeTruerandsamp_drop2",NA,NA,64,1,NA,0.488641042469427,16,256,2,0.197070168873735,NA,NA,NA,NA,NA,NA,NA,NA,NA,NA,10,NA,0.05445
"1140","data_2real4alt2newerbigdet","MLSTMFCN",0,10,100,0.99985,0.998165137614679,0.999081726354454,0.998623221661313,0.999487983900615,0.997298548874904,18909,2,1,1088,473.452256383374,32,0.295244870363062,1.30678809800228,32,0.295244870363062,1.30678809800228,NA,0.111785735916857,NA,NA,"data_2real4alt2newerbigdet_stoc10_MLSTMFCN_rand3_epochs10_trials100_hypeTruerandsamp","[3, 5, 9]","[32, 128, 128]",120,3,0.242573628214212,0.414304578700577,NA,NA,NA,NA,NA,NA,NA,NA,NA,NA,NA,NA,NA,NA,10,NA,0.05445
"1143","data_2real4alt2newerbigdet","ResNet",0,10,100,0.99795,0.996212121212121,0.966023875114784,0.980885780885781,0.982906179004169,0.964214693769652,18907,4,37,1052,865.951512303203,32,0.437407365956055,1.18104460465841,32,0.437407365956055,1.18104460465841,64,0.207265280947184,NA,"[9, 9, 9]","data_2real4alt2newerbigdet_stoc10_ResNet_rand3_epochs10_trials100_hypeTruerandsamp",NA,NA,NA,NA,NA,NA,NA,NA,NA,NA,NA,NA,NA,NA,NA,NA,NA,NA,NA,NA,10,NA,0.05445
"58","data_2real4alt2newestbigdet","InceptionTime",0,10,100,0.9965,1,0.724409448818898,0.840182648401827,0.862204724409449,0.727909448818898,19746,0,70,184,1488.05841233954,64,0.407062112995895,2.32197268473806,64,0.407062112995895,2.32197268473806,128,0.230376626066138,0.126318442612479,"20","data_2real4alt2newestbigdet_InceptionTime_rand3_epochs10_trials100_hypeTruerandsamp",NA,NA,NA,NA,NA,NA,NA,NA,NA,NA,NA,NA,NA,NA,NA,NA,NA,NA,NA,NA,0,NA,0.0127
"991","data_2real4alt2newestbigdet","LR",0,10,100,0.988,0.581395348837209,0.196850393700787,0.294117647058824,0.597513619822135,0.124647903314411,19710,36,204,50,9.57417046581395,NA,NA,NA,NA,NA,NA,NA,NA,NA,NA,"real4alt2newestbigdet_LR_rand3_epochs10_trials100_hypeTrue",NA,NA,NA,NA,NA,NA,NA,NA,NA,NA,NA,NA,NA,NA,NA,NA,NA,NA,NA,NA,0,NA,0.0127
"273","data_2real4alt2newestbigdet","LSTMAttention",0,10,100,0.9911,0.588785046728972,0.992125984251969,0.73900293255132,0.991606393321163,0.584248943998823,19570,176,2,252,363.253019457683,96,0.446659925254541,1.52702548176391,96,0.446659925254541,1.52702548176391,NA,0.27092573530837,NA,NA,"drop_data_2real4alt2newestbigdet_LSTMAttention_rand3_epochs10_trials100_hypeTruerandsamp_drop2",NA,NA,64,1,NA,0.47332126502855,32,128,4,0.419891711653404,NA,NA,NA,NA,NA,NA,NA,NA,NA,NA,0,NA,0.0127
"60","data_2real4alt2newestbigdet","MLSTMFCN",0,10,100,0.9998,0.984496124031008,1,0.9921875,0.999898713663527,0.984496124031008,19742,4,0,254,432.241171903908,32,0.401814271557677,1.15643706432377,32,0.401814271557677,1.15643706432377,NA,0.213781997572556,NA,NA,"data_2real4alt2newestbigdet_MLSTMFCN_rand3_epochs10_trials100_hypeTruerandsamp","[3, 5, 9]","[96, 128, 64]",120,3,0.393757653050691,0.419622984969367,NA,NA,NA,NA,NA,NA,NA,NA,NA,NA,NA,NA,NA,NA,0,NA,0.0127
"63","data_2real4alt2newestbigdet","ResNet",0,10,100,1,1,1,1,1,1,19746,0,0,254,1421.88880278915,32,0.401489758505525,1.31712749888814,32,0.401489758505525,1.31712749888814,128,0.141338461056688,NA,"[1, 3, 9]","data_2real4alt2newestbigdet_ResNet_rand3_epochs10_trials100_hypeTruerandsamp",NA,NA,NA,NA,NA,NA,NA,NA,NA,NA,NA,NA,NA,NA,NA,NA,NA,NA,NA,NA,0,NA,0.0127
"1493","data_2real4alt2newestbigdet","LR",0,10,30,0.98825,0.711111111111111,0.125984251968504,0.214046822742475,0.562662945390714,0.100688801399825,19733,13,222,32,9.44300056807697,NA,NA,NA,NA,NA,NA,NA,NA,NA,NA,"real4alt2newestbigdet_stoc10_LR_rand3_epochs10_trials30_hypeTrue",NA,NA,NA,NA,NA,NA,NA,NA,NA,NA,NA,NA,NA,NA,NA,NA,NA,NA,NA,NA,10,NA,0.0127
"1149","data_2real4alt2newestbigdet","InceptionTime",0,10,100,0.9896,0.558974358974359,0.858267716535433,0.677018633540373,0.924778545799369,0.481549646678781,19574,172,36,218,2659.49272471666,32,0.399359135298155,1.6208263098988,32,0.399359135298155,1.6208263098988,96,0.112124544208987,0.284619260659122,"60","data_2real4alt2newestbigdet_stoc10_InceptionTime_rand3_epochs10_trials100_hypeTruerandsamp",NA,NA,NA,NA,NA,NA,NA,NA,NA,NA,NA,NA,NA,NA,NA,NA,NA,NA,NA,NA,10,NA,0.0127
"1222","data_2real4alt2newestbigdet","LSTMAttention",0,10,100,0.99325,0.696369636963696,0.830708661417323,0.757630161579892,0.913024744969778,0.580630288973779,19654,92,43,211,1252.1673829928,32,0.458624567034084,1.4278096511054,32,0.458624567034084,1.4278096511054,NA,0.221958433001577,NA,NA,"drop_data_2real4alt2newestbigdet_stoc10_LSTMAttention_rand3_epochs10_trials100_hypeTruerandsamp_drop2",NA,NA,32,3,NA,0.179399036614138,8,128,3,0.298326421366672,NA,NA,NA,NA,NA,NA,NA,NA,NA,NA,10,NA,0.0127
"1151","data_2real4alt2newestbigdet","MLSTMFCN",0,10,100,0.9926,0.696296296296296,0.740157480314961,0.717557251908397,0.868002370259779,0.518668912219306,19664,82,66,188,449.944085478783,32,0.415728791683241,3.25540570879917,32,0.415728791683241,3.25540570879917,NA,0.198409899110372,NA,NA,"data_2real4alt2newestbigdet_stoc10_MLSTMFCN_rand3_epochs10_trials100_hypeTruerandsamp","[1, 1, 9]","[96, 32, 256]",60,1,0.124266293471997,0.302385125618323,NA,NA,NA,NA,NA,NA,NA,NA,NA,NA,NA,NA,NA,NA,10,NA,0.0127
"1154","data_2real4alt2newestbigdet","ResNet",0,10,100,0.99635,0.994535519125683,0.716535433070866,0.832951945080092,0.858242394951315,0.71621993890108,19745,1,72,182,521.492454443127,64,0.422590080876151,1.62399690675081,64,0.422590080876151,1.62399690675081,96,0.408142445281763,NA,"[1, 1, 3]","data_2real4alt2newestbigdet_stoc10_ResNet_rand3_epochs10_trials100_hypeTruerandsamp",NA,NA,NA,NA,NA,NA,NA,NA,NA,NA,NA,NA,NA,NA,NA,NA,NA,NA,NA,NA,10,NA,0.0127
"74","data_2real4newestbigdet","InceptionTime",0,10,100,0.9995,0.987341772151899,0.998577524893314,0.992927864214993,0.999055565576677,0.985987303059222,19288,9,1,702,2101.69810609147,32,0.216964922138561,2.60878518462716,32,0.216964922138561,2.60878518462716,64,0.181252847827582,0.15756254814353,"20","data_2real4newestbigdet_InceptionTime_rand3_epochs10_trials100_hypeTruerandsamp",NA,NA,NA,NA,NA,NA,NA,NA,NA,NA,NA,NA,NA,NA,NA,NA,NA,NA,NA,NA,0,NA,0.03515
"1016","data_2real4newestbigdet","LR",0,10,100,0.97255,0.661087866108787,0.44950213371266,0.535139712108383,0.720553523196694,0.316510406387449,19135,162,387,316,7.80358613701537,NA,NA,NA,NA,NA,NA,NA,NA,NA,NA,"real4newestbigdet_LR_rand3_epochs10_trials100_hypeTrue",NA,NA,NA,NA,NA,NA,NA,NA,NA,NA,NA,NA,NA,NA,NA,NA,NA,NA,NA,NA,0,NA,0.03515
"275","data_2real4newestbigdet","LSTMAttention",0,10,100,0.996,0.897828863346105,1,0.946164199192463,0.997927138933513,0.897828863346105,19217,80,0,703,667.393167339265,32,0.439404299210379,1.08173003094137,32,0.439404299210379,1.08173003094137,NA,0.417693679003305,NA,NA,"drop_data_2real4newestbigdet_LSTMAttention_rand3_epochs10_trials100_hypeTruerandsamp_drop2",NA,NA,128,2,NA,0.321725437512223,16,128,2,0.159582524752038,NA,NA,NA,NA,NA,NA,NA,NA,NA,NA,0,NA,0.03515
"76","data_2real4newestbigdet","MLSTMFCN",0,10,100,0.99915,0.977715877437326,0.998577524893314,0.988036593947924,0.99887419023336,0.97637510094026,19281,16,1,702,479.715522555634,32,0.259985143301032,2.39754935482948,32,0.259985143301032,2.39754935482948,NA,0.120598847499302,NA,NA,"data_2real4newestbigdet_MLSTMFCN_rand3_epochs10_trials100_hypeTruerandsamp","[7, 7, 9]","[96, 128, 256]",120,2,0.353809945192665,0.230328326118017,NA,NA,NA,NA,NA,NA,NA,NA,NA,NA,NA,NA,NA,NA,0,NA,0.03515
"79","data_2real4newestbigdet","ResNet",0,10,100,1,1,1,1,1,1,19297,0,0,703,656.25360108912,32,0.401489758505525,1.31712749888814,32,0.401489758505525,1.31712749888814,128,0.141338461056688,NA,"[1, 3, 9]","data_2real4newestbigdet_ResNet_rand3_epochs10_trials100_hypeTruerandsamp",NA,NA,NA,NA,NA,NA,NA,NA,NA,NA,NA,NA,NA,NA,NA,NA,NA,NA,NA,NA,0,NA,0.03515
"1511","data_2real4newestbigdet","LR",0,10,30,0.97135,0.69578313253012,0.328591749644381,0.446376811594203,0.661678887725751,0.252228596891121,19196,101,472,231,6.90327729843557,NA,NA,NA,NA,NA,NA,NA,NA,NA,NA,"real4newestbigdet_stoc10_LR_rand3_epochs10_trials30_hypeTrue",NA,NA,NA,NA,NA,NA,NA,NA,NA,NA,NA,NA,NA,NA,NA,NA,NA,NA,NA,NA,10,NA,0.03515
"1165","data_2real4newestbigdet","InceptionTime",0,10,100,0.97485,1,0.284495021337127,0.44296788482835,0.642247510668563,0.309645021337127,19297,0,503,200,315.626597108319,96,0.331471725020774,1.27294250487676,96,0.331471725020774,1.27294250487676,32,0.130103602065298,0.228415167874904,"20","data_2real4newestbigdet_stoc10_InceptionTime_rand3_epochs10_trials100_hypeTruerandsamp",NA,NA,NA,NA,NA,NA,NA,NA,NA,NA,NA,NA,NA,NA,NA,NA,NA,NA,NA,NA,10,NA,0.03515
"1225","data_2real4newestbigdet","LSTMAttention",0,10,100,0.969,0.531558935361217,0.994310099573257,0.692765113974232,0.981194019574679,0.528734417948066,18681,616,4,699,573.177993193269,32,0.227311037760973,1.8295872749739,32,0.227311037760973,1.8295872749739,NA,0.124611572331976,NA,NA,"drop_data_2real4newestbigdet_stoc10_LSTMAttention_rand3_epochs10_trials100_hypeTruerandsamp_drop2",NA,NA,64,1,NA,0.488641042469427,16,256,2,0.197070168873735,NA,NA,NA,NA,NA,NA,NA,NA,NA,NA,10,NA,0.03515
"1167","data_2real4newestbigdet","MLSTMFCN",0,10,100,0.97455,0.58003300330033,1,0.73420365535248,0.986811421464476,0.58003300330033,18788,509,0,703,458.589074298739,32,0.259985143301032,2.39754935482948,32,0.259985143301032,2.39754935482948,NA,0.120598847499302,NA,NA,"data_2real4newestbigdet_stoc10_MLSTMFCN_rand3_epochs10_trials100_hypeTruerandsamp","[7, 7, 9]","[96, 128, 256]",120,2,0.353809945192665,0.230328326118017,NA,NA,NA,NA,NA,NA,NA,NA,NA,NA,NA,NA,NA,NA,10,NA,0.03515
"1170","data_2real4newestbigdet","ResNet",0,10,100,0.9908,0.988700564971751,0.746799431009957,0.850891410048622,0.873244250924992,0.747261019360127,19291,6,178,525,324.875881429762,64,0.460076050432362,2.06768935624617,64,0.460076050432362,2.06768935624617,96,0.393340495261824,NA,"[1, 1, 5]","data_2real4newestbigdet_stoc10_ResNet_rand3_epochs10_trials100_hypeTruerandsamp",NA,NA,NA,NA,NA,NA,NA,NA,NA,NA,NA,NA,NA,NA,NA,NA,NA,NA,NA,NA,10,NA,0.03515
"1033","data_2real5newerbigdet","LR",0,10,30,1,1,1,1,1,1,19614,0,0,386,25.0584532311186,NA,NA,NA,NA,NA,NA,NA,NA,NA,NA,"real5newerbigdet_LR_rand3_epochs10_trials30_hypeTrue",NA,NA,NA,NA,NA,NA,NA,NA,NA,NA,NA,NA,NA,NA,NA,NA,NA,NA,NA,NA,0,NA,0.0193
"82","data_2real5newerbigdet","InceptionTime",0,10,100,0.99985,0.992287917737789,1,0.996129032258064,0.99992352401346,0.992287917737789,19611,3,0,386,1025.60314233229,32,0.279427043995441,2.04441726316079,32,0.279427043995441,2.04441726316079,96,0.162747095389985,0.317859607212738,"20","data_2real5newerbigdet_InceptionTime_rand3_epochs10_trials100_hypeTruerandsamp",NA,NA,NA,NA,NA,NA,NA,NA,NA,NA,NA,NA,NA,NA,NA,NA,NA,NA,NA,NA,0,NA,0.0193
"276","data_2real5newerbigdet","LSTMAttention",0,10,100,0.9999,0.994845360824742,1,0.997416020671835,0.999949016008973,0.994845360824742,19612,2,0,386,486.209036720917,64,0.255413802598832,4.57285834784714,64,0.255413802598832,4.57285834784714,NA,0.213410032708528,NA,NA,"drop_data_2real5newerbigdet_LSTMAttention_rand3_epochs10_trials100_hypeTruerandsamp_drop2",NA,NA,32,1,NA,0.276181487068296,8,128,3,0.377255167325199,NA,NA,NA,NA,NA,NA,NA,NA,NA,NA,0,NA,0.0193
"84","data_2real5newerbigdet","MLSTMFCN",0,10,100,0.97815,0.469015795868773,1,0.638544251447477,0.98885999796064,0.469015795868773,19177,437,0,386,461.009943813086,32,0.0991637802657701,3.32357798380338,32,0.0991637802657701,3.32357798380338,NA,0.174083540899009,NA,NA,"data_2real5newerbigdet_MLSTMFCN_rand3_epochs10_trials100_hypeTruerandsamp","[1, 3, 3]","[32, 32, 64]",60,1,0.184545071430689,0.375053077022731,NA,NA,NA,NA,NA,NA,NA,NA,NA,NA,NA,NA,NA,NA,0,NA,0.0193
"88","data_2real5newerbigdet","ResNet",0,10,100,0.99985,0.992287917737789,1,0.996129032258064,0.99992352401346,0.992287917737789,19611,3,0,386,227.42803357169,96,0.19505218274527,2.64128427430962,96,0.19505218274527,2.64128427430962,128,0.1392398118402,NA,"[3, 7, 9]","data_2real5newerbigdet_ResNet_rand3_epochs10_trials100_hypeTruerandsamp",NA,NA,NA,NA,NA,NA,NA,NA,NA,NA,NA,NA,NA,NA,NA,NA,NA,NA,NA,NA,0,NA,0.0193
"1520","data_2real5newerbigdet","LR",0,10,30,0.9996,1,0.979274611398964,0.989528795811518,0.989637305699482,0.979674611398964,19614,0,8,378,13.607592497021,NA,NA,NA,NA,NA,NA,NA,NA,NA,NA,"real5newerbigdet_stoc10_LR_rand3_epochs10_trials30_hypeTrue",NA,NA,NA,NA,NA,NA,NA,NA,NA,NA,NA,NA,NA,NA,NA,NA,NA,NA,NA,NA,10,NA,0.0193
"1173","data_2real5newerbigdet","InceptionTime",0,10,100,0.9377,0.236519607843137,1,0.382556987115956,0.968236973590293,0.236519607843137,18368,1246,0,386,353.522505832836,96,0.110168165774156,2.01520190719293,96,0.110168165774156,2.01520190719293,32,0.265767543661343,0.394129674998058,"40","data_2real5newerbigdet_stoc10_InceptionTime_rand3_epochs10_trials100_hypeTruerandsamp",NA,NA,NA,NA,NA,NA,NA,NA,NA,NA,NA,NA,NA,NA,NA,NA,NA,NA,NA,NA,10,NA,0.0193
"1227","data_2real5newerbigdet","LSTMAttention",0,10,100,0.99785,0.8997668997669,1,0.947239263803681,0.998903844192923,0.8997668997669,19571,43,0,386,573.756280010566,64,0.30936829149029,1.63740618695669,64,0.30936829149029,1.63740618695669,NA,0.118518481197179,NA,NA,"drop_data_2real5newerbigdet_stoc10_LSTMAttention_rand3_epochs10_trials100_hypeTruerandsamp_drop2",NA,NA,128,2,NA,0.248792124883776,16,256,4,0.27576861305186,NA,NA,NA,NA,NA,NA,NA,NA,NA,NA,10,NA,0.0193
"1175","data_2real5newerbigdet","MLSTMFCN",0,10,100,0.9974,1,0.865284974093264,0.927777777777778,0.932642487046632,0.867884974093264,19614,0,52,334,255.641141090542,64,0.459857436956187,4.68146777082911,64,0.459857436956187,4.68146777082911,NA,0.284158541505724,NA,NA,"data_2real5newerbigdet_stoc10_MLSTMFCN_rand3_epochs10_trials100_hypeTruerandsamp","[3, 9, 9]","[96, 64, 128]",80,3,0.209914755955618,0.170924261812011,NA,NA,NA,NA,NA,NA,NA,NA,NA,NA,NA,NA,NA,NA,10,NA,0.0193
"1181","data_2real5newerbigdet","ResNet",0,10,100,0.99965,0.994778067885117,0.987046632124352,0.990897269180754,0.993472332071149,0.982142341617176,19612,2,5,381,658.324772119522,32,0.446429261263572,2.5136762889945,32,0.446429261263572,2.5136762889945,32,0.160611479846236,NA,"[3, 7, 9]","data_2real5newerbigdet_stoc10_ResNet_rand3_epochs10_trials100_hypeTruerandsamp",NA,NA,NA,NA,NA,NA,NA,NA,NA,NA,NA,NA,NA,NA,NA,NA,NA,NA,NA,NA,10,NA,0.0193
"91","data_2real6bigdet","InceptionTime",0,10,100,1,1,1,1,1,1,19379,0,0,621,625.826148563996,64,0.255413802598832,4.57285834784714,64,0.255413802598832,4.57285834784714,32,0.276323937460255,0.111950484351427,"40","data_2real6bigdet_InceptionTime_rand3_epochs10_trials100_hypeTruerandsamp",NA,NA,NA,NA,NA,NA,NA,NA,NA,NA,NA,NA,NA,NA,NA,NA,NA,NA,NA,NA,0,NA,0.03105
"1041","data_2real6bigdet","LR",0,10,100,1,1,1,1,1,1,19379,0,0,621,17.2751515239943,NA,NA,NA,NA,NA,NA,NA,NA,NA,NA,"real6bigdet_LR_rand3_epochs10_trials100_hypeTrue",NA,NA,NA,NA,NA,NA,NA,NA,NA,NA,NA,NA,NA,NA,NA,NA,NA,NA,NA,NA,0,NA,0.03105
"277","data_2real6bigdet","LSTMAttention",0,10,100,0.99985,0.995192307692308,1,0.997590361445783,0.999922596625213,0.995192307692308,19376,3,0,621,374.115732226521,96,0.15318176618809,1.8956119568894,96,0.15318176618809,1.8956119568894,NA,0.216717109690173,NA,NA,"drop_data_2real6bigdet_LSTMAttention_rand3_epochs10_trials100_hypeTruerandsamp_drop2",NA,NA,32,2,NA,0.444213565178771,32,128,4,0.283074559729191,NA,NA,NA,NA,NA,NA,NA,NA,NA,NA,0,NA,0.03105
"93","data_2real6bigdet","MLSTMFCN",0,10,100,0.99945,0.982594936708861,1,0.99122106943336,0.99971618762578,0.982594936708861,19368,11,0,621,233.80295104906,64,0.255413802598832,4.57285834784714,64,0.255413802598832,4.57285834784714,NA,0.479654412792728,NA,NA,"data_2real6bigdet_MLSTMFCN_rand3_epochs10_trials100_hypeTruerandsamp","[3, 5, 9]","[32, 128, 256]",100,2,0.266006609449298,0.430979654584938,NA,NA,NA,NA,NA,NA,NA,NA,NA,NA,NA,NA,NA,NA,0,NA,0.03105
"96","data_2real6bigdet","ResNet",0,10,100,1,1,1,1,1,1,19379,0,0,621,240.486259980127,96,0.19505218274527,2.64128427430962,96,0.19505218274527,2.64128427430962,128,0.1392398118402,NA,"[3, 7, 9]","data_2real6bigdet_ResNet_rand3_epochs10_trials100_hypeTruerandsamp",NA,NA,NA,NA,NA,NA,NA,NA,NA,NA,NA,NA,NA,NA,NA,NA,NA,NA,NA,NA,0,NA,0.03105
"1529","data_2real6bigdet","LR",0,10,30,0.9995,1,0.98389694041868,0.991883116883117,0.99194847020934,0.98439694041868,19379,0,10,611,8.25764868827537,NA,NA,NA,NA,NA,NA,NA,NA,NA,NA,"real6bigdet_stoc10_LR_rand3_epochs10_trials30_hypeTrue",NA,NA,NA,NA,NA,NA,NA,NA,NA,NA,NA,NA,NA,NA,NA,NA,NA,NA,NA,NA,10,NA,0.03105
"1184","data_2real6bigdet","InceptionTime",0,10,100,0.9997,1,0.990338164251208,0.995145631067961,0.995169082125604,0.990638164251208,19379,0,6,615,849.896259918809,64,0.420280542743118,1.19153425036492,64,0.420280542743118,1.19153425036492,64,0.162504969468509,0.491180963862794,"40","data_2real6bigdet_stoc10_InceptionTime_rand3_epochs10_trials100_hypeTruerandsamp",NA,NA,NA,NA,NA,NA,NA,NA,NA,NA,NA,NA,NA,NA,NA,NA,NA,NA,NA,NA,10,NA,0.03105
"1229","data_2real6bigdet","LSTMAttention",0,10,100,0.9995,1,0.98389694041868,0.991883116883117,0.99194847020934,0.98439694041868,19379,0,10,611,419.075735198334,96,0.446659925254541,1.52702548176391,96,0.446659925254541,1.52702548176391,NA,0.27092573530837,NA,NA,"drop_data_2real6bigdet_stoc10_LSTMAttention_rand3_epochs10_trials100_hypeTruerandsamp_drop2",NA,NA,64,1,NA,0.47332126502855,32,128,4,0.419891711653404,NA,NA,NA,NA,NA,NA,NA,NA,NA,NA,10,NA,0.03105
"1186","data_2real6bigdet","MLSTMFCN",0,10,100,1,1,1,1,1,1,19379,0,0,621,203.648278780282,64,0.314249022929595,1.80421411802853,64,0.314249022929595,1.80421411802853,NA,0.190674130697028,NA,NA,"data_2real6bigdet_stoc10_MLSTMFCN_rand3_epochs10_trials100_hypeTruerandsamp","[1, 7, 9]","[32, 256, 32]",100,3,0.173638739201464,0.196281051883248,NA,NA,NA,NA,NA,NA,NA,NA,NA,NA,NA,NA,NA,NA,10,NA,0.03105
"1189","data_2real6bigdet","ResNet",0,10,100,1,1,1,1,1,1,19379,0,0,621,334.2277472727,64,0.374554829961226,1.904780892491,64,0.374554829961226,1.904780892491,128,0.402304844008497,NA,"[1, 1, 7]","data_2real6bigdet_stoc10_ResNet_rand3_epochs10_trials100_hypeTruerandsamp",NA,NA,NA,NA,NA,NA,NA,NA,NA,NA,NA,NA,NA,NA,NA,NA,NA,NA,NA,NA,10,NA,0.03105
"99","data_2real6newerbigdet","InceptionTime",0,10,100,0.99995,1,0.991452991452991,0.995708154506438,0.995726495726496,0.991502991452991,19883,0,1,116,1231.54428088479,32,0.399359135298155,1.6208263098988,32,0.399359135298155,1.6208263098988,96,0.112124544208987,0.284619260659122,"60","data_2real6newerbigdet_InceptionTime_rand3_epochs10_trials100_hypeTruerandsamp",NA,NA,NA,NA,NA,NA,NA,NA,NA,NA,NA,NA,NA,NA,NA,NA,NA,NA,NA,NA,0,NA,0.00585
"1052","data_2real6newerbigdet","LR",0,10,100,0.99975,1,0.957264957264957,0.978165938864629,0.978632478632479,0.957514957264957,19883,0,5,112,16.4694885390345,NA,NA,NA,NA,NA,NA,NA,NA,NA,NA,"real6newerbigdet_LR_rand3_epochs10_trials100_hypeTrue",NA,NA,NA,NA,NA,NA,NA,NA,NA,NA,NA,NA,NA,NA,NA,NA,NA,NA,NA,NA,0,NA,0.00585
"278","data_2real6newerbigdet","LSTMAttention",0,10,100,1,1,1,1,1,1,19883,0,0,117,965.632236272097,32,0.456987633502969,3.53832559951242,32,0.456987633502969,3.53832559951242,NA,0.187194307363741,NA,NA,"drop_data_2real6newerbigdet_LSTMAttention_rand3_epochs10_trials100_hypeTruerandsamp_drop2",NA,NA,128,1,NA,0.129449467687743,16,256,2,0.170885352320729,NA,NA,NA,NA,NA,NA,NA,NA,NA,NA,0,NA,0.00585
"101","data_2real6newerbigdet","MLSTMFCN",0,10,100,0.9999,1,0.982905982905983,0.991379310344828,0.991452991452991,0.983005982905983,19883,0,2,115,474.127560336143,32,0.465020692102261,3.90374067475892,32,0.465020692102261,3.90374067475892,NA,0.469744342402002,NA,NA,"data_2real6newerbigdet_MLSTMFCN_rand3_epochs10_trials100_hypeTruerandsamp","[1, 5, 7]","[32, 96, 128]",60,2,0.355401877012101,0.352966301166983,NA,NA,NA,NA,NA,NA,NA,NA,NA,NA,NA,NA,NA,NA,0,NA,0.00585
"104","data_2real6newerbigdet","ResNet",0,10,100,0.9999,0.983193277310924,1,0.991525423728813,0.999949705778806,0.983193277310924,19881,2,0,117,632.055373219773,32,0.374427289186198,2.02106388604324,32,0.374427289186198,2.02106388604324,64,0.361480448773061,NA,"[1, 5, 5]","data_2real6newerbigdet_ResNet_rand3_epochs10_trials100_hypeTruerandsamp",NA,NA,NA,NA,NA,NA,NA,NA,NA,NA,NA,NA,NA,NA,NA,NA,NA,NA,NA,NA,0,NA,0.00585
"1538","data_2real6newerbigdet","LR",0,10,30,0.99745,1,0.564102564102564,0.721311475409836,0.782051282051282,0.566652564102564,19883,0,51,66,12.7078213412315,NA,NA,NA,NA,NA,NA,NA,NA,NA,NA,"real6newerbigdet_stoc10_LR_rand3_epochs10_trials30_hypeTrue",NA,NA,NA,NA,NA,NA,NA,NA,NA,NA,NA,NA,NA,NA,NA,NA,NA,NA,NA,NA,10,NA,0.00585
"1192","data_2real6newerbigdet","InceptionTime",0,10,100,0.998,1,0.658119658119658,0.793814432989691,0.829059829059829,0.660119658119658,19883,0,40,77,1204.24037741497,64,0.382330825555708,3.95378574437983,64,0.382330825555708,3.95378574437983,32,0.130210302026637,0.233038215372767,"60","data_2real6newerbigdet_stoc10_InceptionTime_rand3_epochs10_trials100_hypeTruerandsamp",NA,NA,NA,NA,NA,NA,NA,NA,NA,NA,NA,NA,NA,NA,NA,NA,NA,NA,NA,NA,10,NA,0.00585
"1231","data_2real6newerbigdet","LSTMAttention",0,10,100,0.99735,0.688235294117647,1,0.815331010452962,0.998667203138359,0.688235294117647,19830,53,0,117,1007.05398263596,32,0.282493355983809,2.89331839439476,32,0.282493355983809,2.89331839439476,NA,0.428542462303636,NA,NA,"drop_data_2real6newerbigdet_stoc10_LSTMAttention_rand3_epochs10_trials100_hypeTruerandsamp_drop2",NA,NA,32,1,NA,0.473315273314816,32,128,4,0.191815728965256,NA,NA,NA,NA,NA,NA,NA,NA,NA,NA,10,NA,0.00585
"1194","data_2real6newerbigdet","MLSTMFCN",0,10,100,0.99945,0.949152542372881,0.957264957264957,0.953191489361702,0.978481595968897,0.908840467912502,19877,6,5,112,197.032219694927,64,0.31603333356437,1.49799903183893,64,0.31603333356437,1.49799903183893,NA,0.213117693705659,NA,NA,"data_2real6newerbigdet_stoc10_MLSTMFCN_rand3_epochs10_trials100_hypeTruerandsamp","[1, 3, 7]","[32, 32, 96]",60,1,0.235094476583021,0.248530447561231,NA,NA,NA,NA,NA,NA,NA,NA,NA,NA,NA,NA,NA,NA,10,NA,0.00585
"1197","data_2real6newerbigdet","ResNet",0,10,100,0.782,0.026133571588117,1,0.0509360034828037,0.890358597797113,0.026133571588117,15523,4360,0,117,633.838869798928,32,0.0651507719511019,2.03349110538934,32,0.0651507719511019,2.03349110538934,32,0.151529418810047,NA,"[1, 7, 9]","data_2real6newerbigdet_stoc10_ResNet_rand3_epochs10_trials100_hypeTruerandsamp",NA,NA,NA,NA,NA,NA,NA,NA,NA,NA,NA,NA,NA,NA,NA,NA,NA,NA,NA,NA,10,NA,0.00585
"107","data_2real7newerbigdet","InceptionTime",0,10,100,0.99785,0.93469387755102,0.89453125,0.914171656686627,0.946860438614263,0.837462882653061,19728,16,27,229,453.106578715146,96,0.292825481143001,1.56919412987426,96,0.292825481143001,1.56919412987426,32,0.443557214931634,0.143319513665414,"60","data_2real7newerbigdet_InceptionTime_rand3_epochs10_trials100_hypeTruerandsamp",NA,NA,NA,NA,NA,NA,NA,NA,NA,NA,NA,NA,NA,NA,NA,NA,NA,NA,NA,NA,0,NA,0.0128
"1069","data_2real7newerbigdet","LR",0,10,100,0.9974,0.990384615384615,0.8046875,0.887931034482759,0.902293101701783,0.799450120192308,19742,2,50,206,16.0411338969134,NA,NA,NA,NA,NA,NA,NA,NA,NA,NA,"real7newerbigdet_LR_rand3_epochs10_trials100_hypeTrue",NA,NA,NA,NA,NA,NA,NA,NA,NA,NA,NA,NA,NA,NA,NA,NA,NA,NA,NA,NA,0,NA,0.0128
"279","data_2real7newerbigdet","LSTMAttention",0,10,100,0.9984,0.921052631578947,0.95703125,0.938697318007663,0.97798381786872,0.88202615131579,19723,21,11,245,842.378050120547,32,0.456987633502969,3.53832559951242,32,0.456987633502969,3.53832559951242,NA,0.187194307363741,NA,NA,"drop_data_2real7newerbigdet_LSTMAttention_rand3_epochs10_trials100_hypeTruerandsamp_drop2",NA,NA,128,1,NA,0.129449467687743,16,256,2,0.170885352320729,NA,NA,NA,NA,NA,NA,NA,NA,NA,NA,0,NA,0.0128
"109","data_2real7newerbigdet","MLSTMFCN",0,10,100,0.99655,0.789473684210526,0.99609375,0.880829015544041,0.996324832860616,0.786439802631579,19676,68,1,255,459.530974378809,32,0.408988426310467,4.63024943814552,32,0.408988426310467,4.63024943814552,NA,0.225969886065147,NA,NA,"data_2real7newerbigdet_MLSTMFCN_rand3_epochs10_trials100_hypeTruerandsamp","[1, 5, 5]","[128, 96, 64]",120,2,0.182454771111536,0.192802400738553,NA,NA,NA,NA,NA,NA,NA,NA,NA,NA,NA,NA,NA,NA,0,NA,0.0128
"112","data_2real7newerbigdet","ResNet",0,10,100,0.9949,0.722543352601156,0.9765625,0.830564784053156,0.985850131685575,0.705908742774566,19648,96,6,250,215.890202006325,96,0.337130269222574,2.48288598638541,96,0.337130269222574,2.48288598638541,64,0.493968281387228,NA,"[7, 9, 9]","data_2real7newerbigdet_ResNet_rand3_epochs10_trials100_hypeTruerandsamp",NA,NA,NA,NA,NA,NA,NA,NA,NA,NA,NA,NA,NA,NA,NA,NA,NA,NA,NA,NA,0,NA,0.0128
"1547","data_2real7newerbigdet","LR",0,10,30,0.99475,1,0.58984375,0.742014742014742,0.794921875,0.59509375,19744,0,105,151,11.6318627339788,NA,NA,NA,NA,NA,NA,NA,NA,NA,NA,"real7newerbigdet_stoc10_LR_rand3_epochs10_trials30_hypeTrue",NA,NA,NA,NA,NA,NA,NA,NA,NA,NA,NA,NA,NA,NA,NA,NA,NA,NA,NA,NA,10,NA,0.0128
"1200","data_2real7newerbigdet","InceptionTime",0,10,100,0.9942,0.926829268292683,0.59375,0.723809523809524,0.796571110210697,0.55550487804878,19732,12,104,152,366.884827341884,96,0.329846306643788,4.447069010372,96,0.329846306643788,4.447069010372,32,0.441872184711694,0.306342988689319,"40","data_2real7newerbigdet_stoc10_InceptionTime_rand3_epochs10_trials100_hypeTruerandsamp",NA,NA,NA,NA,NA,NA,NA,NA,NA,NA,NA,NA,NA,NA,NA,NA,NA,NA,NA,NA,10,NA,0.0128
"1233","data_2real7newerbigdet","LSTMAttention",0,10,100,0.9767,0.354570637119114,1,0.523517382413088,0.988198946515397,0.354570637119114,19278,466,0,256,414.092283967882,96,0.122358444279525,1.20301164265681,96,0.122358444279525,1.20301164265681,NA,0.143909933093859,NA,NA,"drop_data_2real7newerbigdet_stoc10_LSTMAttention_rand3_epochs10_trials100_hypeTruerandsamp_drop2",NA,NA,32,1,NA,0.428713356238031,8,64,4,0.389495333957283,NA,NA,NA,NA,NA,NA,NA,NA,NA,NA,10,NA,0.0128
"1202","data_2real7newerbigdet","MLSTMFCN",0,10,100,0.99715,0.88715953307393,0.890625,0.888888888888889,0.944578099675851,0.791526459143969,19715,29,28,228,482.927863169461,32,0.401814271557677,1.15643706432377,32,0.401814271557677,1.15643706432377,NA,0.213781997572556,NA,NA,"data_2real7newerbigdet_stoc10_MLSTMFCN_rand3_epochs10_trials100_hypeTruerandsamp","[3, 5, 9]","[96, 128, 64]",120,3,0.393757653050691,0.419622984969367,NA,NA,NA,NA,NA,NA,NA,NA,NA,NA,NA,NA,NA,NA,10,NA,0.0128
"1205","data_2real7newerbigdet","ResNet",0,10,100,0.99345,0.667560321715818,0.97265625,0.791732909379968,0.983187930510535,0.649656719168901,19620,124,7,249,677.725007008761,32,0.37636726237248,3.14827226990666,32,0.37636726237248,3.14827226990666,96,0.42034477246111,NA,"[3, 7, 9]","data_2real7newerbigdet_stoc10_ResNet_rand3_epochs10_trials100_hypeTruerandsamp",NA,NA,NA,NA,NA,NA,NA,NA,NA,NA,NA,NA,NA,NA,NA,NA,NA,NA,NA,NA,10,NA,0.0128
